Text,Label
Вызвать такси на семь человек до Одинцово,ORDER_TAXI
Самый страшный ужастик по книге Стивена Кинга,PLAY_MOVIE
Анекдот с черным юмором,READ_JOKE
Сколько я буду ехать до заправки?,NAVIGATE
Кто такой Оксимирон?,ODQA
Будет дождливо в субботу?,WEATHER
Покажи погоду в Крыму на выходные,WEATHER
Скажи прогноз на ближайшие пять дней,WEATHER
Хочу пожарить курочку,COOKING
Найди Звездные Войны в hd,PLAY_MOVIE
Хочется что-то приготовить,COOKING
Президентские дебаты на первом канале,PLAY_MOVIE
Я закрыла сессию!,LEGEND
Поставь самый популярный альбом Земфиры,PLAY_MUSIC
Закажи столик на десять человек на вечер пятницы,BOOK_RESTAURANT
Я бы хотел заказать вечеринку в ресторане,BOOK_RESTAURANT
Подай машину к дому через десять минут,ORDER_TAXI
Добавь напоминание на завтра,REMINDER
Хочу сварить кашу,COOKING
Какой у тебя рост? . А вес?,LEGEND
Покажи дорогу до улицы Херсонской дом три  . А до метро Белорусская?,NAVIGATE
Будет ли холодно пятнадцать июня?,WEATHER
Включи интерстеллар на английском,PLAY_MOVIE
Прочитай новости от РБК ,READ_NEWS
Пять процентов от семи сотен,CALCULATOR
Закажите стол на двадцать января в баре недалеко от университета,BOOK_RESTAURANT
Будет вьюга в субботу?,WEATHER
Знаешь английский?,LEGEND
Скажи мне прогноз погоды на следующую неделю,WEATHER
Как зовут жену Трампа?,ODQA
Закажи сити мобил до Шереметьево .,ORDER_TAXI
Запусти самый популярный хит одна тысяча девятьсот девяносто четыре-го . А теперь одна тысяча девятьсот девяносто семь-го,PLAY_MUSIC
Добавь в список покупок корм для котов и вечером напомни,REMINDER
Дождь будет?,WEATHER
Что в списке покупке,SHOPPING_LIST
Отправь Пете одна тысяча пятьсот рублей по номеру карты,P2P_TRANSFER
Скучала?,LEGEND
Ты умеешь петь? ,LEGEND
"Нужно купить сливки для кофе, напомни",REMINDER
Будет ли холодно начиная с четверга?,WEATHER
Какой баланс на моей карте,CHECK_ACCOUNT 
Спой песню?,LEGEND
Ты умеешь петь?  . А танцевать?,LEGEND
Я могу называть тебя другим именем?,LEGEND
Будет ли снег завтра?,WEATHER
Поставь назад в будущее в высоком качестве ,PLAY_MOVIE
Возвращение джедая смотреть в одна тысяча восемьдесят,PLAY_MOVIE
Курс белорусского рубля к доллару,CURRENCY
Как доехать до Шоссе Энтузиастов,NAVIGATE
Закажи такси для шесть человек на ближайшее время,ORDER_TAXI
Какая сумма счета за квартиру?,COMMUNAL_PAYMENTS
Включи последний альбом фараона,PLAY_MUSIC
Давай запустим дискотеку восемьдесятх,PLAY_MUSIC
Маршрут до улицы Шоссейной дом один,NAVIGATE
Что приготовить из индейки?,COOKING
Покажи выступление Queen на Live Aid,PLAY_MOVIE
Блин ты че тупишь?,FAIL_FEEDBACK
Включи последнее радио ,PLAY_RADIO
Какие бонусы начисляются на карту мир?,SBER_PRODUCTS
Как звали первого президента США?,ODQA
Оплати счет за воду,COMMUNAL_PAYMENTS
Какой фильм глянуть в самолете,PLAY_MOVIE
Надевать ли завтра шапку?,WEATHER
Открой настройки,HARD_COMMAND
Нужно заказать такси на завтра утро в аэропорт,ORDER_TAXI
Мне нужно забронировать место в ресторане Стейк Хаус,BOOK_RESTAURANT
Какой фильм можно посмотреть с девушкой,PLAY_MOVIE
Готовить дома,COOKING
Что значит “перманентно”?,ODQA
Какие есть новые сериалы . Самый популярный из них,PLAY_MOVIE
"Привет, Сири",LEGEND
Сколько тебе лет?,LEGEND
В какой стране родился Билл Гейтс?,ODQA
Сколько процентов семь от восмиста,CALCULATOR
Что вышло из новых фильмов на телевизоре,PLAY_MOVIE
Путин это кто?,ODQA
Поехать до работы на такси,ORDER_TAXI
Какие вклады есть в Сбере,SBER_PRODUCTS
Погода во Владимире,WEATHER
Найди радиостанцию с французскими песнями,PLAY_RADIO
Включи новостное радио,PLAY_RADIO
Какая столица Франции?,ODQA
Скажи сколько денег у меня есть ,CHECK_ACCOUNT 
Ты лучше Алисы?,LEGEND
Кто первый летал в космос? . А когда?,ODQA
Включи музыку избранное,PLAY_MUSIC
Отключу,LEGEND
Последний император России,ODQA
Какие рецепты ты знаешь?,COOKING
Закажите бронирование на десять в ресторане на Октябрьской в семь часов вечера,BOOK_RESTAURANT
Где я нахожусь,NAVIGATE
Какие проценты по ипотеке в Сбербанке нынче,SBER_PRODUCTS
Что мне сегодня делать?  . А завтра?,LEGEND
Как готовить цыпленка . пиццу,COOKING
Какой у меня сегодня плейлист дня,PLAY_MUSIC
Отмени будильники на выходных,SET_ALARM
Сколько будет стоить сити мобил до Шереметьево?,ORDER_TAXI
С тобой весело,LEGEND
Сколько до дома,NAVIGATE
"Закажите столик в ресторане, который находится в нескольких минутах ходьбы",BOOK_RESTAURANT
Погода на завтра,WEATHER
Закажи сейчас самое дешевое такси до марьино,ORDER_TAXI
Отправь по телефону деньги,P2P_TRANSFER
Расскажи о погоде во вторник,WEATHER
Что такое интеллект?,ODQA
Ты ошиблась,FAIL_FEEDBACK
Кто твой босс?,LEGEND
Поставь композицию Imagine Dragons,PLAY_MUSIC
Сколько я потратил на продукты питания,CHECK_ACCOUNT 
Какое число сегодня?,TIME
Ожидаются ли завтра осадки,WEATHER
Как готовить цыпленка . пиццу хочу,COOKING
Стоит ожидать завтра снег,WEATHER
Расскажи самую смешную шутку года,READ_JOKE
Поставь треки для вечеринки,PLAY_MUSIC
Хочу слушать новости на Вести фм,PLAY_RADIO
Когда жил Наполеон?,ODQA
Я тебя убью,LEGEND
Таймер на семь минут и тридцать секунд,SET_TIMER
Как относишься к Путину? ,LEGEND
 Уроки игры на гитаре на ютубе,PLAY_MOVIE
Забронировать место в ресторане тайской кухни,BOOK_RESTAURANT
Сколько стоит куб горячей воды,COMMUNAL_PAYMENTS
Кто президент России?,ODQA
Построй дорогу до музея,NAVIGATE
Прогнозируется ли снег на завтра?,WEATHER
Пошути,READ_JOKE
Открой канал орел и решка,PLAY_MOVIE
Есть ли свободные места в ресторане с живой музыкой,BOOK_RESTAURANT
Вызови сити мобил до дома,ORDER_TAXI
Сколько идти до метро Нагатинская?,NAVIGATE
Погода в Подмосковье,WEATHER
Радио включи пожалуйста ,PLAY_RADIO
Запусти повара,COOKING
Поставь кино,PLAY_MOVIE
Можешь подобрать блюдо по продуктам?,COOKING
Кто президент Германии?,ODQA
В четыре часа дня мне нужен стол на восемь человек в ресторане на Лубянке,BOOK_RESTAURANT
Какие события в Риме?,READ_NEWS
Кто написал Войну и Мир?,ODQA
Включи самый лучший альбом Imagine Dragons,PLAY_MUSIC
Самое высокое здание в мире . Где оно находится?,ODQA
Сливаешь инфу?,LEGEND
Льет ли дождь сейчас в Одинцово? . А вечером?,WEATHER
Нужно ли надеть сегодня подштанники? ,WEATHER
Как добраться до бара Люстра,NAVIGATE
Как сделать батарейку обучающее видео,PLAY_MOVIE
Какой самый смешной анекдот,READ_JOKE
Уехать на сити мобиле в университет,ORDER_TAXI
Какой синоним у слова покорность?,ODQA
Позови повара,COOKING
Кто такой Менделеев? . Где он жил?,ODQA
Сколько стоил газ в апреле?,COMMUNAL_PAYMENTS
Включи плейлист репчик,PLAY_MUSIC
Что вышло у моих любимых исполнителей за последний год.,PLAY_MUSIC
Разбуди меня в течение пять часов,SET_ALARM
Сколько я буду ехать на маршрутке до дома . А до университета?,NAVIGATE
Где перекусить поблизости? . Проложи дорогу до туда,NAVIGATE
Что нового в мире?,READ_NEWS
Заказать такси до улицы Гагарина дом семьдесят три,ORDER_TAXI
Включи музыкальные новинки в стиле латина,PLAY_MUSIC
Создай новое напоминание для Саши,REMINDER
Расскажи о себе,LEGEND
Можешь рассказать что нибудь веселое?,READ_JOKE
Будет ли сегодня жарче в Москве?,WEATHER
Мне нужен отпуск,LEGEND
одна тысяча рублей отправь на карту с номером одна тысяча двести тридцать один две тысячи триста двенадцать три тысячи сто двадцать три одна тысяча двести двадцать три,P2P_TRANSFER
Нужно такси через три часа до аэропорта,ORDER_TAXI
Вруби самый известный альбом System of a Down,PLAY_MUSIC
Знаешь Сири?,LEGEND
Что такое нарды?,ODQA
Когда умер Пушкин?,ODQA
Поищи советские фильмы про войну,PLAY_MOVIE
Сделай работу над ошибками,FAIL_FEEDBACK
Последний выпуск Николая Соболева,PLAY_MOVIE
Кто создал радио?,ODQA
Как тебе Трамп?  . А Путин?,LEGEND
Сделай напоминание,REMINDER
Поставь самый известный альбом Rammstein,PLAY_MUSIC
О чем пишут в СМИ?,READ_NEWS
Не мешай,HARD_COMMAND
В какому году была Сталинградская битва?,ODQA
Какой прогноз на выходные?,WEATHER
Ты реальна?,LEGEND
Включи подборку для меня,PLAY_MUSIC
Займемся готовкой,COOKING
Как можно получить кредит на покупку машины,SBER_PRODUCTS
Поздравь меня!,LEGEND
Я хочу забронировать место в ресторане,BOOK_RESTAURANT
Поставь громкость на максимум,HARD_COMMAND
Включи трейлеры новинок кино,PLAY_MOVIE
Как быстрее добраться до работы,NAVIGATE
"Мне нужен стол на восемь человек в пабе с высоким рейтингом, где подают вкусные супы",BOOK_RESTAURANT
Где могу потратить свои бонусы Спасибо  ,SBER_PRODUCTS
Замолчи,HARD_COMMAND
Будильник на десять утра,SET_ALARM
Ты умная? ,LEGEND
Как поживаешь? ,LEGEND
Давай оплатим за квартиру,COMMUNAL_PAYMENTS
Сбербанк классный,LEGEND
Хочу поговорить с тобой,CHITCHAT
Сколько лет Трампу?,ODQA
Рассмеши меня,READ_JOKE
Напомни купить еду котикам,REMINDER
Хочу послушать последнюю радиостанцию,PLAY_RADIO
"Можешь пожалуйста сказать, пойдет ли сегодня снег?",WEATHER
Сколько варить яйца всмятку?,COOKING
Давайте включи элджэя,PLAY_MUSIC
Покажи автобусную остановку . Проложи путь до нее,NAVIGATE
Не тупи,FAIL_FEEDBACK
Сколько лет Трампу? . А где он родился?,ODQA
Расскажи мне новости спорта,READ_NEWS
Поставь музыку фоном,PLAY_MUSIC
Кто чемпион мира по футболу?,ODQA
Поставь музыку,PLAY_MUSIC
Удали встречу которая на семь вечера сегодня,CALENDAR
Давай послушаем музыку,PLAY_MUSIC
Открой стенфордские лекции на ютубе,PLAY_MOVIE
Поболтаем?,CHITCHAT
Удали все на сегодня из календаря ,CALENDAR
Нужен кредит на десять миллионов ,SBER_PRODUCTS
Закажи яндекс такси до Арбата,ORDER_TAXI
Я завтра замерзну?,WEATHER
Где находится самый длинный мост?,ODQA
Топ-десять популярных треков девяносто-х,PLAY_MUSIC
Слушать радио,PLAY_RADIO
Ты ошиблась,FAIL_FEEDBACK
Новости о футболе,READ_NEWS
Открой историю присмотров youtube,PLAY_MOVIE
Закажите столик на девять человек на четыре часа дня в Джонсоне,BOOK_RESTAURANT
Новости дня,READ_NEWS
Смотреть первый сезон Симпсонов,PLAY_MOVIE
Ты не права,FAIL_FEEDBACK
Сколько сезонов в Игре Престолов?,ODQA
Когда будем в магазине напомни купить еду котикам,REMINDER
Какие вклады можно сделать в Сбере,SBER_PRODUCTS
Как вкусно приготовить свинину? ,COOKING
Давай сварим суп,COOKING
Разбуди в одиннадцать,SET_ALARM
Погода для моего текущего местоположения,WEATHER
Забронировать ресторан с парковкой на три,BOOK_RESTAURANT
Ты неправильно меня поняла,FAIL_FEEDBACK
Пиво это что?,ODQA
Врубай новости фм,PLAY_RADIO
Новости про Путина,READ_NEWS
Что ты умеешь?,LEGEND
Напомни поставить напоминание через месяц,REMINDER
Сколько лет Ярославлю?,ODQA
Скажи прогноз на понедельник,WEATHER
С какими странами граничит Польша?,ODQA
Кто написал Отверженных?,ODQA
Хочу забронировать столик для двоих в ресторане на Белорусской,BOOK_RESTAURANT
Поставь напоминание,REMINDER
Кто придумал салат Цезарь?,ODQA
Сколько время?,TIME
Включи дисплей,HARD_COMMAND
Прибавь громкость,HARD_COMMAND
Необычное имя у тебя,LEGEND
как тебя зовут,LEGEND
Включи  БИ-два,PLAY_MUSIC
Скажи гиковскую шутку,READ_JOKE
Я не это имел ввиду,FAIL_FEEDBACK
Включи популярные песни одна тысяча девятьсот девяносто один года,PLAY_MUSIC
Хочу поговорить,CHITCHAT
Как проехать до Третьяковской галереи?,NAVIGATE
Пойдет ли дождь в субботу вечером?,WEATHER
Поставь рэп,PLAY_MUSIC
Знаешь Алексу?,LEGEND
Стой,HARD_COMMAND
Ты ругаешься?,LEGEND
Прочитай новости Медузы,READ_NEWS
Покажи дорогу до библиотеки,NAVIGATE
Болтать будем,CHITCHAT
Вызвать убер . Когда приедет машина?,ORDER_TAXI
Напомни позвонить маме,REMINDER
Где у меня есть подписки?,PLAY_MOVIE
Закажи такси через час на улицу пушкина и до ресторана Магадан,ORDER_TAXI
Давай побазарим,CHITCHAT
Какое красивое имя у тебя,LEGEND
Как взять кредит,SBER_PRODUCTS
Хочу поужинать в ресторане в семь часов вечера,BOOK_RESTAURANT
Когда состоялось Крещение Руси?,ODQA
Давай готовить что-нибудь из пасты,COOKING
Напомни Саше зайти к репетитору,REMINDER
Включи радио с новостями,PLAY_RADIO
Что посмотреть вечером?,PLAY_MOVIE
Кто открыл Америку?,ODQA
Как подать заявку на кредит онлайн,SBER_PRODUCTS
Забронировать стол в кафе на одного в районе Тульской,BOOK_RESTAURANT
Запусти третий альбом Шакиры,PLAY_MUSIC
Зачитай последние новости,READ_NEWS
Такси через десять минут до улицы Планетной дом один . Лучше через двадцать,ORDER_TAXI
Запиши соль в покупки,SHOPPING_LIST
Хочу приготовить суп,COOKING
Выступление Фредди Меркьюри с Монсеррат Кабалье ,PLAY_MOVIE
Включи последнюю радиостанцию,PLAY_RADIO
Где находится Статуя Свободы?,ODQA
Будет ли холодно в следующую среду?,WEATHER
Сколько градусов в понедельник?,WEATHER
Закажи столик в пивном ресторане недалеко от Сокольников,BOOK_RESTAURANT
Какой день сегодня?,TIME
Включи Дискавери канал,PLAY_MOVIE
Включи все каверы Last Christmas,PLAY_MUSIC
Поставь будильник на семь утра,SET_ALARM
Покажи дорогу до улицы Херсонской дом три,NAVIGATE
Сколько будет пять плюс семь,CALCULATOR
Когда перестанет идти град,WEATHER
Включи мою подборку,PLAY_MUSIC
Как можно получить потребительский кредит ,SBER_PRODUCTS
Позвои шефа,COOKING
Какой любимый фильм?,LEGEND
Будут свободные столы сегодня вечером в ресторане Елки Палки?,BOOK_RESTAURANT
Сколько лет Никите Михалкову? . А Владимиру Познеру?,ODQA
Ты замужем?,LEGEND
Готовить еду,COOKING
Кто тебя создал?,LEGEND
Вызвать самое дешевое такси до Бургер Кинга,ORDER_TAXI
Где ближайшая винотека,NAVIGATE
В Вашингтоне в три часа дня будет теплее?,WEATHER
Громкость плюс один,HARD_COMMAND
Уехать на убере до метро Динамо,ORDER_TAXI
Заказать стол в ресторане,BOOK_RESTAURANT
Отсчитай двадцать секунд,SET_TIMER
Какой прогноз погоды для моей текущей позиции?,WEATHER
Ближайший стадион . Дорога до него,NAVIGATE
Отмени заказ стола,BOOK_RESTAURANT
Вруби что-нибудь по радио,PLAY_RADIO
Это не то что я просил,FAIL_FEEDBACK
Кто такой фрилансер?,ODQA
Найти столик на три человека где-нибудь в Одинцово,BOOK_RESTAURANT
Закажи ресторан в деревенском стиле на двадцать человек,BOOK_RESTAURANT
Давай сделаем веганский кекс,COOKING
С какими странами граничит Польша? . А Беларусь?,ODQA
Первый элемент таблицы Менделеева,ODQA
Вруби грустную музыку,PLAY_MUSIC
Удали второй пункт из списка покупок,SHOPPING_LIST
Включи самый популярный альбом Rolling Stones,PLAY_MUSIC
Покажи ближайшую парковку,NAVIGATE
Каким маршрутом мне ехать домой . А до работы?,NAVIGATE
Покажи дорогу до офиса,NAVIGATE
"Забронировать столик в ресторане, где подают блюда бразильской кухни на девять человек",BOOK_RESTAURANT
Что из новинок посмотреть?,PLAY_MOVIE
Говоришь по-французски?,LEGEND
Отними сто пять от тысяча семь,CALCULATOR
В воскресенье будет гололедица?,WEATHER
Острое блюдо с курицей.,COOKING
Предложи фильмы на вечер,PLAY_MOVIE
Погода на завтра . И на пятницу,WEATHER
Как добраться до ашана? . Сколько это займет по времени?,NAVIGATE
Утром будет тепло?,WEATHER
Приготовим салат Оливье?,COOKING
Добавь шампунь в список,SHOPPING_LIST
Поставь какое-нибудь  кино,PLAY_MOVIE
Запусти радио эхо Москвы,PLAY_RADIO
Какой кредит ты мне можешь предложить,SBER_PRODUCTS
Что я не смотрел из топ сто фильмов?,PLAY_MOVIE
Где ближайший магазин? . Как до него добраться?,NAVIGATE
Поставь прошлогодний альбом Muse,PLAY_MUSIC
Мерри Поппинс возвращается в хорошем качестве  . Включай следующую часть,PLAY_MOVIE
Что можно приготовить из тыквы?,COOKING
Каков прогноз на субботу?,WEATHER
Сегодня холодно?  . А в четверг?,WEATHER
Напомни мне помыть посуду когда приду домой,REMINDER
Включи радио с блюзом,PLAY_RADIO
Как доехать до дома?,NAVIGATE
Сильный туман в Вологде?,WEATHER
Выключи музыку,PLAY_MUSIC
Поставь последнюю песню Элджея,PLAY_MUSIC
Новости Первого Канала,READ_NEWS
Какая погода будет в Турции на следующей неделе?,WEATHER
Завтра жарко?,WEATHER
Поставь басту,PLAY_MUSIC
Запусти Европу плюс . А теперь радио джаз,PLAY_RADIO
Как дешевле добраться до китай-города,NAVIGATE
Давай послушаем романтическую музыку,PLAY_MUSIC
Включи радио,PLAY_RADIO
Когда умер Сталин? . А родился?,ODQA
Какой прогноз на завтра в Москве,WEATHER
Где обитаешь?,LEGEND
Можешь заказать такси на конкретное время?,ORDER_TAXI
Вызвать такси до станции метро Лубянка,ORDER_TAXI
Хочу покататься ,ORDER_TAXI
Хочу сварить вкусный суп,COOKING
Переставь будильник на через пол часа,SET_ALARM
Закажи такси на шоссе энтузиастов двадцать,ORDER_TAXI
Включи музыку снимающую стресс,PLAY_MUSIC
Напомни мне вернуть долг Роману за билеты когда придет зарплата,REMINDER
Что мне сегодня делать? ,LEGEND
Ты существуешь?,LEGEND
Заказать яндекс такси до улицы Лебедева,ORDER_TAXI
Приготовим завтрак?,COOKING
Включи саундтрэк к фильму интерстеллар,PLAY_MUSIC
Газпром это что такое?,ODQA
Хочу посмотреть детектив,PLAY_MOVIE
Включи коллекцию классической музыки,PLAY_MUSIC
Вызвать сити мобил,ORDER_TAXI
Вызвать такси до ближайшего Старбакса,ORDER_TAXI
Подай машину к дому,ORDER_TAXI
Что такое нарды? . А шахматы?,ODQA
Как тебе сбер?,LEGEND
Попроси жену купить сливки когда она будет в магазине,REMINDER
Расскажи новый анекдот,READ_JOKE
Кто летал на Луну?,ODQA
Что там пишут на Ленте?,READ_NEWS
Прочитай свежие новости,READ_NEWS
Какие у тебя есть рецепты?,COOKING
Срочно закажи убер до Чистых Прудов,ORDER_TAXI
Какие фильмы предпочитаешь?,LEGEND
Построй дорогу до дома,NAVIGATE
Оплати коммунальные за январь,COMMUNAL_PAYMENTS
Хочу послушать радио,PLAY_RADIO
Где взять денег?,LEGEND
Хочу Muse,PLAY_MUSIC
Ты андроид?,LEGEND
Расскажи о погоде во вторник . И в среду,WEATHER
Ты меня любишь?,LEGEND
Хочу вызвать такси до работы . Сколько это будет стоить?,ORDER_TAXI
В чём смысл жизни?,LEGEND
поставь кино . поставь фильм,PLAY_MOVIE
Закажи такси до офиса,ORDER_TAXI
Каков прогноз погоды на сегодня?,WEATHER
Включи какое-нибудь радио ,PLAY_RADIO
Хочу джаза,PLAY_MUSIC
Вруби самый популярный альбом Киркорова,PLAY_MUSIC
Стоимость покупки доллара,CURRENCY
Ты умеешь развлекать людей?,LEGEND
Будет ли метель завтра в четыре часа дня?,WEATHER
Покажи карту осадков,WEATHER
На что ты способна?,LEGEND
Сделай дисплей ярче,HARD_COMMAND
Включи новые рекомендации на YouTube,PLAY_MOVIE
 Хочу посмотреть лекции по тюнингу нейронных сетей,PLAY_MOVIE
Запиши купить спички и уголь,SHOPPING_LIST
Вруби самый продаваемый альбом Green Day,PLAY_MUSIC
Вызвать убер на улицу Чкалова,ORDER_TAXI
Ты ошибаешься,FAIL_FEEDBACK
что ты умеешь делать,LEGEND
Как добраться до ашана?,NAVIGATE
Как доехать до Нахимовского проспекта?,NAVIGATE
Удали все напоминания,REMINDER
Новости московского метро,READ_NEWS
Оплати за свет,COMMUNAL_PAYMENTS
Поставь проигрывать первый альбом Шакиры,PLAY_MUSIC
Напомни мне сходить на днюху,REMINDER
Какой тариф на электроэнергию,COMMUNAL_PAYMENTS
Какое херовое имя,LEGEND
Курс покупки доллара,CURRENCY
Как доехать до метро Белорусская?,NAVIGATE
"Пожалуйста, забронируй столик в ресторане, где подают вкусные салаты",BOOK_RESTAURANT
Включи последний трек летая,PLAY_MUSIC
Самое высокое здание в мире,ODQA
Вруби оксимирона,PLAY_MUSIC
Что посмотреть бесплатно?,PLAY_MOVIE
Есть ли дол по коммунальным платежам,COMMUNAL_PAYMENTS
Измени время будильника на девять вечера,SET_ALARM
Где ближайшая заправка,NAVIGATE
Льет ли дождь сейчас в Одинцово?,WEATHER
Вызови убер через час до дома два по улице Ватутина,ORDER_TAXI
Поставь какое-нибудь  кино . перемотай дальше,PLAY_MOVIE
Потанцуем?,LEGEND
Хочу приготовить еду,COOKING
Приготовим ужин?,COOKING
Сколько ехать на машине до Праги ,NAVIGATE
Подай сити мобил через пятнадцать минут,ORDER_TAXI
Хочу вызвать такси до работы,ORDER_TAXI
Как добраться до Бургер Кинга?,NAVIGATE
Я хотел бы забронировать ресторан в Понча-Спрингс на восемь часов утра,BOOK_RESTAURANT
Такси до улицы Маковского дом два . ,ORDER_TAXI
Ты несешь чушь,FAIL_FEEDBACK
С какой ты планеты?,LEGEND
Есть пробки поблизости?,NAVIGATE
Надевать пальто во вторник?,WEATHER
Пойдет ли завтра град,WEATHER
Будет туман послезавтра?,WEATHER
Перечисли деньги за воду,COMMUNAL_PAYMENTS
Включи интерстеллар на английском . Теперь на русском,PLAY_MOVIE
Последние события в Китае,READ_NEWS
Хочу узнать прогноз на ближайшие несколько дней,WEATHER
Как можно снизить процентную ставку по ипотеке ?,SBER_PRODUCTS
Второй альбом Тимати,PLAY_MUSIC
Очисть мой календарь на сегодня,CALENDAR
Какая погода в Москве?,WEATHER
Поставь избранные аудиозаписи,PLAY_MUSIC
Какая погода вечером?,WEATHER
Покажи погоду на ближайшие пять часов?,WEATHER
Как  рефинансировать ипотеку,SBER_PRODUCTS
Какой радиус Земли,ODQA
Тебе нравится осень?,LEGEND
Какая сегодня и завтра температура?,WEATHER
Включи коммерсант фм,PLAY_RADIO
Что такое демократия?,ODQA
Ты можешь меня рассмешить?,READ_JOKE
Я расстроен твоим поведением,FAIL_FEEDBACK
Скажи последние новости с яндекса,READ_NEWS
Новости дождя,READ_NEWS
Площадь России,ODQA
Напомнить Саше про репетитора после школы,REMINDER
Поставь фоном легкую музыку,PLAY_MUSIC
Расскажи какой-нибудь рецепт,COOKING
Вы лучшие,LEGEND
Напомни в восемь вечера сходить за кофе,REMINDER
Поставь кино . напомни какое кино я смотрел вчера,PLAY_MOVIE
Поставь песню про еду,PLAY_MUSIC
Ты знаешь шутки про путина?,READ_JOKE
Переведи пятьсот рублей сыну на карту,P2P_TRANSFER
Почему у пиратов Карибского моря Серги в ушах,ODQA
Сколько стоит газ для народа,COMMUNAL_PAYMENTS
Поставь будильник на полдень . Отмени его,SET_ALARM
Самое дешевое такси до улицы Гончарова дом четырнадцать,ORDER_TAXI
Отправь жене пять тысяч рублей на Сберовскую карту,P2P_TRANSFER
напомни мне свое имя,LEGEND
Включи болталку,CHITCHAT
Какие ставки по депозитам ,SBER_PRODUCTS
Надевать завтра кроссовки?,WEATHER
Любимая исполнительница,LEGEND
Поболтаешь со мной?,CHITCHAT
Есть анекдот?,READ_JOKE
Оплати квартплату за июнь,COMMUNAL_PAYMENTS
Уехать на такси в Шереметьево,ORDER_TAXI
поставь кино,PLAY_MOVIE
Ты можешь включить Гугл музыку? ,PLAY_MUSIC
Ты способна думать?,LEGEND
Закажи сити мобил до Шереметьево,ORDER_TAXI
Закажи такси на завтра до домодедово на шесть утра бизнес класс.,ORDER_TAXI
Включи последнюю часть Гарри Поттера ,PLAY_MOVIE
Расскажи какая будет погода на следующей неделе,WEATHER
Вечером пойдет снег?,WEATHER
Остановись ,HARD_COMMAND
Дорога до улицы Нагатинской,NAVIGATE
Такси до ближайшей станции метро,ORDER_TAXI
Построй путь до больницы,NAVIGATE
Хочу поболтать,CHITCHAT
Дорога до метро Кузьминки,NAVIGATE
Где находится Эрмитаж?,ODQA
Мне нужна погода на завтра в Москве,WEATHER
Включи популярную музыку во Франции,PLAY_MUSIC
Что сейчас слушает молодежь? . А раньше?,PLAY_MUSIC
Забронируй столик в ближайшем пабе на шесть часов вечера,BOOK_RESTAURANT
Какой у меня индекс,NAVIGATE
Как дела? ,LEGEND
Перенеси встречу с коллегами в другое место,CALENDAR
Закажи столик на двух человек на вечер следующего четверга,BOOK_RESTAURANT
Поменяй мелодию будильника ,SET_ALARM
Напоминай мне каждый день в восемь часов вечера выпить таблетку,REMINDER
В каком году была Первая мировая война?,ODQA
Слушать авторадио,PLAY_RADIO
Заведи будильник на восемь часов,SET_ALARM
Пойдет ли дождь в ближайший час?,WEATHER
Какая у тебя религия?,LEGEND
Завтра будет холоднее?,WEATHER
Поставь будильник на полдень,SET_ALARM
Уехать в Одинцово на такси . Сколько займет дорога?,ORDER_TAXI
Предложи какую-нибудь мелодрамму,PLAY_MOVIE
напомни мне как тебя зовут,LEGEND
Включай таймер,SET_TIMER
Мне нужно бронирование на семь человек в пабе неподалеку,BOOK_RESTAURANT
Включи радио джаз,PLAY_RADIO
Ты любишь пиццу?,LEGEND
Поставь будильник на семь,SET_ALARM
Включи оксимирон горгород,PLAY_MUSIC
Проверь погоду на ближайшие три дня,WEATHER
Я тебе нравлюсь?,LEGEND
Как закодироваться?,LEGEND
Вызови такси до дома,ORDER_TAXI
Сколько я потратил в прошлом месяце,CHECK_ACCOUNT 
Запусти горячие хиты девяностох,PLAY_MUSIC
Найди пожалуйста песню про декабрь ,PLAY_MUSIC
Расскажи о достоинствах,LEGEND
Сводку с полей,READ_NEWS
Скажи мне какая погода сегодня в Хельсинки?,WEATHER
Забронируй пожалуйста место в ресторане,BOOK_RESTAURANT
Какой остаток на моих счетах,CHECK_ACCOUNT 
Что можно приготовить из тыквы? . А из яблок?,COOKING
Напомни о тренировке утром,REMINDER
А сможешь поставить напоминание покормить кота?,REMINDER
Как можно рассчитывайся бонусами Спасибо,SBER_PRODUCTS
Можешь заказать такси на конкретное время? . На шесть часов,ORDER_TAXI
Покажи магазины рядом,NAVIGATE
Что ты можешь?,LEGEND
какое кино я смотрел вчера . что там было в в начале фильма,PLAY_MOVIE
Покажи путь до Сретенского бульвара,NAVIGATE
Покажи напоминания,REMINDER
Включи детям мультики,PLAY_MOVIE
Ты пьешь?,LEGEND
У тебя есть парень?,LEGEND
Поставь громкость на минимум ,HARD_COMMAND
Что есть похожего на Интерстеллар?,PLAY_MOVIE
Поставь будильник на завтра на восемь утра нет на девять утра,SET_ALARM
"Окей, Гугл",LEGEND
Сколько завтра градусов?,WEATHER
Включи мозги?,FAIL_FEEDBACK
Переведи за электричество тысячу рублей,COMMUNAL_PAYMENTS
Кто любимая певица,LEGEND
Поставь пожалуйста песни на французском ,PLAY_MUSIC
Поставь каверы в стиле джаз,PLAY_MUSIC
Что нового случилось в мире?,READ_NEWS
Громче,HARD_COMMAND
Может устроим дискотеку девяностох,PLAY_MUSIC
Что на часах?,TIME
Закажи срочно такси,ORDER_TAXI
Мультик для детей ,PLAY_MOVIE
Будет ли завтра дождь?,WEATHER
Закажи стол в кафетерии,BOOK_RESTAURANT
Вызвать такси на семь человек до Одинцово . Нет на восемь,ORDER_TAXI
Сколько Сейчас времени в Москве,TIME
Скажи мне какая будет погода на следующей неделе в Питере,WEATHER
Закажи сити мобил до Ярцевской двадцать шесть. Эконом класс.,ORDER_TAXI
Включи самые популярные треки исполнителя победившего на Евровидении в том году,PLAY_MUSIC
Зачитай ингредиенты,COOKING
Что произошло в мире?,READ_NEWS
Я хочу забронировать ресторан с бассейном на пять человек,BOOK_RESTAURANT
Напомни про фильм через два часа,REMINDER
А напомни мне купить шампунь,REMINDER
Есть что-нибудь новенькое в подписках на YouTube? ,PLAY_MOVIE
Когда ближайший вопросов до икеи от речного вокзала,NAVIGATE
Закажите ресторан для трех человек в Дженкинс,BOOK_RESTAURANT
Включи музыку которая вызывает ностальгию,PLAY_MUSIC
Зачем Ван Гог отрезал себе ухо?,ODQA
Какие хорошие рок альбомы вышли за последний месяц?,PLAY_MUSIC
Напомни мне выпить лекарства,REMINDER
Могу ли я купить акции на бирже,SBER_PRODUCTS
В какой стране зародился футбол?,ODQA
Исторические фильмы про Германию,PLAY_MOVIE
Ты скучала?,LEGEND
Самая популярная новость за сегодня на Медузе,READ_NEWS
Включи розовое вино,PLAY_MUSIC
Спой мне,LEGEND
Что было без меня интересного?,LEGEND
Включи последнюю часть Гарри Поттера  . Теперь предпоследнюю,PLAY_MOVIE
Поставь напоминание на пять вечера о погоде . Лучше на шесть вечера,REMINDER
Поставь исполнителя победившего на Евровидении в этом году,PLAY_MUSIC
Где перекусить поблизости?,NAVIGATE
Напомни позвонить врачу,REMINDER
Ты любишь природу?,LEGEND
Запиши купить салат в список,SHOPPING_LIST
Какой синоним у слова покорность? . А у слова вежливость?,ODQA
Поставь напоминание о встрече на пять,REMINDER
Ты кто? ,LEGEND
Забронировать место в кафе,BOOK_RESTAURANT
Можно ли в Сбере открыть счет в золоте,SBER_PRODUCTS
Какой день недели сегодня,TIME
Покажи мне список сохраненных фильмов ,PLAY_MOVIE
Напомни завтра поехать к стоматологу,REMINDER
Ты сделала ошибку,FAIL_FEEDBACK
Какой прогноз погоды на август?,WEATHER
Включи басту про питер,PLAY_MUSIC
Алиса овца,LEGEND
Сегодня будет дождь?,WEATHER
Вызови убер через пол часа,ORDER_TAXI
Включи коммерсант фм . Теперь Вести фм,PLAY_RADIO
Я бы хотел забронировать столик в ресторане на вечер субботы,BOOK_RESTAURANT
как тебя зовут напомни мне пожайлуста,LEGEND
Тепло ли в Афинах?,WEATHER
Расскажи о новостях Москвы,READ_NEWS
Создай уведомление о дне рождения на дваццатого декабря,REMINDER
Такси через десять минут до улицы Планетной дом один,ORDER_TAXI
Поставь мои рекомендации на Яндекс Музыке,PLAY_MUSIC
Что задумалась?,LEGEND
Сдохни,LEGEND
Запусти Русское радио,PLAY_RADIO
Включи джаз,PLAY_MUSIC
Слушать радио Юмор фм,PLAY_RADIO
Каким маршрутом мне ехать домой,NAVIGATE
Будет снег?,WEATHER
поищи на ютюбе обучение нейронных сетей,PLAY_MOVIE
Холодно ли будет ночью,WEATHER
Включи радио исполнителя - оксимирон,PLAY_MUSIC
Как тебе помощник от Тинькова?,LEGEND
Давай что-нибудь приготовим,COOKING
Что  у меня сегодня в календаре,CALENDAR
Разбуди завтра в пол восьмого,SET_ALARM
Включи Камеди радио,PLAY_RADIO
Как заработать денег?,LEGEND
Сделай подборку музыки за неделю.,PLAY_MUSIC
Забронировать столик в кафе неподалеку,BOOK_RESTAURANT
Поставь песню которая победила на Евровидении в две тысячи десять,PLAY_MUSIC
Сколько времени займет путь до метро Сокольники на такси?,ORDER_TAXI
Какой курс центрального банка,CURRENCY
Что значит пить?,ODQA
Мне нужно на нагатинскую,NAVIGATE
Пошути про Трампа,READ_JOKE
Включи фильм темный рыцарь Нолана,PLAY_MOVIE
Какие показания счетчика холодной воды были последними ,COMMUNAL_PAYMENTS
Включи веселое радио,PLAY_RADIO
Будет ли завтра дождливо,WEATHER
Создай встречу  ,CALENDAR
Какие у меня есть напоминания,REMINDER
Запусти пожалуйста веселую музыку,PLAY_MUSIC
Ты любишь пиццу? . А суши?,LEGEND
Что ты думаешь про Сбербанк?,LEGEND
Кто такая Алиса?,LEGEND
Засекай двадцать минуточек,SET_TIMER
Скажи что-нибудь смешное,READ_JOKE
Скажи мне прогноз для Кишинева,WEATHER
Что можешь?,LEGEND
Ты любишь вино?,LEGEND
Что я слушал последнее,PLAY_MUSIC
Включи сериалы тнт,PLAY_MOVIE
Скажи будет ли жарко через три часа,WEATHER
поставь кино . следующее покажи,PLAY_MOVIE
Хочу дома приготовить,COOKING
Мне нужен стол на одного в ресторане с высоким рейтингом,BOOK_RESTAURANT
Хочу узнать какая будет погода в следующий четверг,WEATHER
Будет ли ливень в среду?,WEATHER
Какая погода здесь?,WEATHER
Хочу посмотреть фильм про космос,PLAY_MOVIE
Закажи зал в элитном ресторане на двадцать пять человек,BOOK_RESTAURANT
Уведоми меня о доставке,REMINDER
Хочу поужинать в элитном ресторане,BOOK_RESTAURANT
Что ты думаешь о Сбербанке?,LEGEND
Ты дружишь с Алисой?,LEGEND
Отсчитай пять минут,SET_TIMER
Будет снег? . А дождь?,WEATHER
Закажи зал в элитном ресторане на двадцать пять человек . Нет давай в обычном,BOOK_RESTAURANT
"Завтра в десять часов у меня самолет, предупреди меня заранее",REMINDER
Хочу пожарить кабачки,COOKING
Включи самый известный альбом Металлики,PLAY_MUSIC
Включи песни на итальянском языке,PLAY_MUSIC
Сколько стоят подписки за прошлый месяц,CHECK_ACCOUNT 
Зачем жить?,LEGEND
О чём с тобой можно поговорить,LEGEND
Ты можешь сказать погоду на ближайшие пять дней,WEATHER
Запусти песню которая победила на Евровидении в этом году,PLAY_MUSIC
Посчитай десять плюс пять и умножить все на семь,CALCULATOR
Хочу немного грустной музыки,PLAY_MUSIC
Твои баги,LEGEND
Давай приготовим пюре,COOKING
Отключи будильник,SET_ALARM
Мои напоминания,REMINDER
Есть ли Ромео и Джульетта в hd?,PLAY_MOVIE
Расскажи новости спорта,READ_NEWS
Президент Украины . Сколько ему лет?,ODQA
Хочу приготовить что-нибудь,COOKING
В каком году появилось радио?,ODQA
Поставь каверы,PLAY_MUSIC
Как бросить курить?,LEGEND
Что новенького в России?,READ_NEWS
Как долго добираться от Чеховской до Тверской,NAVIGATE
Построй маршрут до улицы Вавилова дом четыре,NAVIGATE
Когда на этой неделе будет солнечно?,WEATHER
Забронируй столик в ресторане для меня и двух моих сыновей,BOOK_RESTAURANT
Как отказаться от сладкого?,LEGEND
Хочу уехать на сити мобиле в Парк Горького,ORDER_TAXI
Кто первый летал в космос?,ODQA
Как лучше сберечь и приумножить мои деньги,SBER_PRODUCTS
Как тебе Сири?,LEGEND
Хочу уехать на убере на работу,ORDER_TAXI
Прогнозируется ли дождь на выходные?,WEATHER
Нераспознанный запрос,LEGEND
Закройся,HARD_COMMAND
Где живёшь?,LEGEND
Какая влажность будет послезавтра,WEATHER
Хочу что то приготовить,COOKING
Включи музыку,PLAY_MUSIC
Соскучилась по общению?,LEGEND
Брать ли с собой зонт,WEATHER
Поставь хиты восемьдесятх,PLAY_MUSIC
Нужно купить сливки для кофе напомни,REMINDER
Оплати газ,COMMUNAL_PAYMENTS
Проверь погоду на завтра,WEATHER
Где пройдет следующий чемпионат мира по футболу?,ODQA
Закажи яндекс такси до общежития,ORDER_TAXI
Включи Struggles,PLAY_MUSIC
Чем ты лучше Сири?,LEGEND
Отключи подписки на онлайн кинотеатры,PLAY_MOVIE
Построй маршрут до работы,NAVIGATE
"Уведоми меня о встрече . Нет, не надо",REMINDER
Покажи рецепт солянки,COOKING
Вечером пойдет снег? . А днем?,WEATHER
Вызови яндекс такси до станции метро Крымская,ORDER_TAXI
Сколько людей живет в Лондоне?,ODQA
Прогноз на неделю,WEATHER
Что умеешь? ,LEGEND
Как ты выглядишь?,LEGEND
Кто министр экономики России?,ODQA
Первая помощь при,LEGEND
Звуки музыки смотреть с субтитрами,PLAY_MOVIE
Давай покачаем окси,PLAY_MUSIC
Кто такой Менделеев?,ODQA
Сделай потише,HARD_COMMAND
Что такое гравитация?,ODQA
Картошку добавь в список покупок,SHOPPING_LIST
Что такое увертюра?,ODQA
Какие планы на сегодня,CALENDAR
Вызови такси через десять минут на шоссе энтузиастов двадцать,ORDER_TAXI
Сколько я буду идти до магазина?,NAVIGATE
О чем пишет Эхо Москвы?,READ_NEWS
Будильник включен?,SET_ALARM
Кто изобрел первый автомобиль?,ODQA
Запусти настройки,HARD_COMMAND
Напомни Саше зайти к репетитору забрать учебник когда он выйдет из школы,REMINDER
Скажи мне прогноз погоды здесь,WEATHER
Какие страны проиграли в Первой Мировой Войне?,ODQA
Давай устроим музыкальный вечер,PLAY_MUSIC
Хочу открыть вклад,SBER_PRODUCTS
Прекрати,HARD_COMMAND
Напомни когда будем в магазине купить еду котикам,REMINDER
Поставь новогодние фильмы,PLAY_MOVIE
Добавь яйца в список покупок,SHOPPING_LIST
Какие у тебя достоинства?,LEGEND
Расскажи свежие новости,READ_NEWS
Пока,LEGEND
Засеки время на,SET_TIMER
Поставь рэп . следующий,PLAY_MUSIC
Газпром это что такое? . А кто ее возглавляет?,ODQA
Переведи на карту Тинькофф ,P2P_TRANSFER
Построй маршрут до Фили,NAVIGATE
Сериал про компьютерных гиков,PLAY_MOVIE
Хочу приготовить завтрак,COOKING
Сделай платежи по коммунальным,COMMUNAL_PAYMENTS
Что уже вышло в онлайн кинотеатре?,PLAY_MOVIE
Будет ли пасмурно послезавтра?,WEATHER
Сколько варить яйца всмятку? . А вкрутую?,COOKING
Как тебе Трамп? ,LEGEND
Включи Дискавери канал . Теперь Евроспорт,PLAY_MOVIE
Расскажи анекдот,READ_JOKE
Включи Парфенова последний выпуск,PLAY_MOVIE
Какой сериал порекомендуешь?,PLAY_MOVIE
Скажи погоду на ближайшие выходные,WEATHER
Курс ЦБ какой,CURRENCY
Насмеши меня,READ_JOKE
Хочу готовить яичницу,COOKING
Реши домашку,LEGEND
Отличница легкого поведения смотреть онлайн,PLAY_MOVIE
Хочу узнать погоду на ближайшие выходные в Долгопрудном?,WEATHER
Поставь видео про животных,PLAY_MOVIE
Когда наконец пойдет снег?,WEATHER
Поставь Русский Чарт недели,PLAY_MUSIC
Заказать сити мобил до даниловского форта,ORDER_TAXI
Поставь напоминание на среду,REMINDER
Сколь будет долларов в трехсот пятидесяти лирах,CURRENCY
Включи Холодное сердце на немецком,PLAY_MOVIE
Что я хотел посмотреть?,PLAY_MOVIE
Ты баба?,LEGEND
Хочу побеседовать с тобой,CHITCHAT
На какой станции метро большой театр,NAVIGATE
Включи Гарри топора,PLAY_MUSIC
Давай потанцуем!,PLAY_MUSIC
О чём думаешь?,LEGEND
Че меня сегодня ждет?,LEGEND
Сколько стоит такси до Китай-города . А до Лубянки?,NAVIGATE
Включи видео школы яндекса по машинному обучению,PLAY_MOVIE
Найти свободный стол в нескольких минутах ходьбы от метро Пушкинская,BOOK_RESTAURANT
В честь чего ты сливаешь инфу фсб?,LEGEND
Будет ли туманно в воскресенье?,WEATHER
В каком году началась Великая Отечественная Война?,ODQA
Вруби музло для вечеринки,PLAY_MUSIC
Поставь самую популярную песню в Италии,PLAY_MUSIC
Не неси ерунду,FAIL_FEEDBACK
Посоветуй фильмы про стартапы,PLAY_MOVIE
Включи смешные видосы на ютубе,PLAY_MOVIE
Включи что-нибудь веселое на YouTube,PLAY_MOVIE
Поставь рэп . назад,PLAY_MUSIC
Газ оплатил теперь давай за воду оплатим,COMMUNAL_PAYMENTS
Мерри Поппинс возвращается в хорошем качестве ,PLAY_MOVIE
Кто такой гугл-ассистент?,LEGEND
Заведи таймер,SET_TIMER
Напомни Саше чтобы он не забыл зайти к репетитору,REMINDER
Убавь громкость ,HARD_COMMAND
Заказать стол в ближайшем баре,BOOK_RESTAURANT
Заведи напоминание на шесть вечера,REMINDER
Добавь макароны в список покупок,SHOPPING_LIST
Что вышло из рэпа за прошлую неделю? ,PLAY_MUSIC
Сколько людей живет в Мадриде?,ODQA
Покажите мне эту статью в законе,LEGEND
Напомни мне или жене кто первый будет в Азбуке вкуса купить еду котикам,REMINDER
Покажи интервью Мишель Обамы,PLAY_MOVIE
Включи ужастик,PLAY_MOVIE
Что из музыки было популярно в семьдесят-ых годах?,PLAY_MUSIC
Ты где-то работаешь?,LEGEND
Вызови убер через час до дома два по улице Ватутина . Сколько займет дорога по времени?,ORDER_TAXI
Кто поставил мюзикл Чикаго?,ODQA
Что у нас есть по шансону? . А по джазу?,PLAY_MUSIC
Напомни съесть яблоко через полчасика,REMINDER
Какая погода завтра в Париже?,WEATHER
Включи последние добавленные треки,PLAY_MUSIC
Забронировать место недалеко от Кремля,BOOK_RESTAURANT
Соскучилась?,LEGEND
Покажи мои напоминания,REMINDER
Что такое бонусы Спасибо,SBER_PRODUCTS
Что происходит в мире?,READ_NEWS
Сколько лет Никите Михалкову?,ODQA
Хочу забронировать стол,BOOK_RESTAURANT
Какой последний клип у One Direction,PLAY_MOVIE
Что с рублем сегодня,CURRENCY
Выключи дисплей,HARD_COMMAND
Ты любишь вино? . А пиво?,LEGEND
Хочу музыку,PLAY_MUSIC
Поехать до работы на такси . Как долго будем ехать?,ORDER_TAXI
Буди меня в девять утра каждый день,SET_ALARM
Ты круче Алисы?,LEGEND
Расскажи самые свежие новости,READ_NEWS
Какая станция метро ближе к адресу Даев переулок четыре,NAVIGATE
Какой счет за воду,COMMUNAL_PAYMENTS
Сколько точно сейчас времени?,TIME
Что думаешь про алису? Кто умнее?,LEGEND
Включи песню лепса с тимати,PLAY_MUSIC
Можешь рассмешить меня,READ_JOKE
Чем занимаешься?,LEGEND
Сколько стоит Яндекс бизнес до курского вокзала?,ORDER_TAXI
Будет ли завтра холоднее в Париже?,WEATHER
Поставь рэп,PLAY_MUSIC
"Закажи стол в ресторане в том же районе, что и в прошлый раз",BOOK_RESTAURANT
Будет ли сегодня дождь?,WEATHER
Где оформить кредит ,SBER_PRODUCTS
Пошути про Путина,READ_JOKE
Включи подборку популярных песен восемьдесят-х,PLAY_MUSIC
Построй маршрут до аптеки,NAVIGATE
Твои недостатки,LEGEND
Новое напоминание,REMINDER
На улице сыро?,WEATHER
Добавь громкость плюс два,HARD_COMMAND
Покажи рецепты,COOKING
Поставь рэп . сделай паузу,PLAY_MUSIC
Хочу приготовить на ужин жареную картошку,COOKING
Где ближайший каршеринг . Построй дорогу до него,NAVIGATE
Вызвать Яндекс такси эконом класс,ORDER_TAXI
Напомни в магазине купить сливки,REMINDER
Ты с кем то встречаешься?,LEGEND
Громкость на максимум ,HARD_COMMAND
Расскажу шутку про машинное обучение,READ_JOKE
Сколько рубликов у меня есть сейчас,CHECK_ACCOUNT 
Какие есть фильмы про вторую мировую войну,PLAY_MOVIE
Какая погода завтра в Киеве?,WEATHER
Как дела?,LEGEND
Что есть похожего на Интерстеллар? . А на Титаник?,PLAY_MOVIE
Я хочу пойти в популярный паб в десять вечера,BOOK_RESTAURANT
Удали напоминание,REMINDER
Запусти Европу плюс,PLAY_RADIO
Сколько лет?,LEGEND
Кто написал Отверженных? ,ODQA
Прочитай новости Яндекса ,READ_NEWS
Вруби музыку,PLAY_MUSIC
Сколько будет стоить убер до Севастопольского проспекта дом семь?,ORDER_TAXI
Завтра будет пасмурно?,WEATHER
Как проехать до улицы Ставропольской дом сорок четыре,NAVIGATE
Сколько людей живет в Лондоне? . А в Шеффилде?,ODQA
Сто пятьдесят один минус семнадцать сколько будет,CALCULATOR
Запусти песню про декабрь,PLAY_MUSIC
Какой курс рубля на бирже,CURRENCY
Кто такой Обама?,ODQA
Хочу уехать на такси на работу ,ORDER_TAXI
Сделай напоминание о доставке,REMINDER
Завтра будет снегопад?,WEATHER
Где ближайший ресторан с бургерами,NAVIGATE
Включи мои любимые песни,PLAY_MUSIC
Ты совсем уже?,LEGEND
Который час?,TIME
включи фильмы про космос,PLAY_MOVIE
Покажи как девушка танцует около автобусной остановки,PLAY_MOVIE
Как готовить цыпленка . Хочу есть,COOKING
Засеки таймер на пятнадцать минут,SET_TIMER
Самый быстрый автомобиль,ODQA
Сделай оплату коомунальных,COMMUNAL_PAYMENTS
Хочу посомтреть фильмы дискавери,PLAY_MOVIE
Где ближайший магазин?,NAVIGATE
поставь кино . перемотай на десятую минуту,PLAY_MOVIE
Поставь радио,PLAY_RADIO
Качай оксимирона,PLAY_MUSIC
Сколько займет дорога в Шереметьево,NAVIGATE
Запусти самый популярный хит одна тысяча девятьсот девяносто четыре-го,PLAY_MUSIC
Громкость на восемь,HARD_COMMAND
Сколько времени займет дорога до дома?,NAVIGATE
Что сейчас слушает молодежь?,PLAY_MUSIC
Сегодня будет вьюга?,WEATHER
Поставь пожалуйста ранние альбомы Muse,PLAY_MUSIC
Что мне посмотреть сегодня вечером?,PLAY_MOVIE
Знаешь ты алису? ,LEGEND
Где срубить бабла?,LEGEND
Какая песня победила в Евровидении в прошлом году?,PLAY_MUSIC
Любимая музыка?,LEGEND
Можешь сделать громче,HARD_COMMAND
Уведоми о событии,REMINDER
Надо поставить напоминание в пять вечера,REMINDER
Зачитай новости спорта,READ_NEWS
Включи новогодние песни,PLAY_MUSIC
Как на счет танцевальной музыки,PLAY_MUSIC
какая завтра погода?,WEATHER
Включи современную поп музыку,PLAY_MUSIC
Нужен таймер на три часа,SET_TIMER
Какой стиль музыки ты предпочитаешь?,LEGEND
Поставь пожалуйста музыку,PLAY_MUSIC
Включи плейлист понравившихся песен ,PLAY_MUSIC
Каков прогноз погоды на следующие пять дней?,WEATHER
Закажи столик в недорогом кафе в районе Алтуфьево,BOOK_RESTAURANT
Перечисли за свет триста рублей,COMMUNAL_PAYMENTS
Поставь лучший кавер Last Christmas,PLAY_MUSIC
Как дойти до торгового центра?,NAVIGATE
Какой курс доллара,CURRENCY
Не неси ерунды,FAIL_FEEDBACK
Фильмы про динозавров,PLAY_MOVIE
Такси до Кочновского проезда,ORDER_TAXI
Что не умеешь? ,LEGEND
Что нового?,LEGEND
Вызвать убер через два часа,ORDER_TAXI
Заказать Мише такси на шесть часов,ORDER_TAXI
Какая высота Башни Федерации,ODQA
Как настроение,LEGEND
Сколько стоит заказать такси до Белорусской сейчас?,ORDER_TAXI
включи спокойную музыку,PLAY_MUSIC
Сколько длится Властелин Колец?,ODQA
Слушать детское радио,PLAY_RADIO
Большой брат следит за нами?,LEGEND
Квартплату за май переведи ,COMMUNAL_PAYMENTS
Предложи романтические комедии,PLAY_MOVIE
Включи музыку тихо,PLAY_MUSIC
Твое имя?,LEGEND
Холодно ли в Сургуте?,WEATHER
Какую ты любишь еду?,LEGEND
Кто построил Эйфелеву башню?,ODQA
Кто написал Войну и Мир? . А в каком году?,ODQA
Умножь сем на сто сорок четыре,CALCULATOR
Включи дискавери,PLAY_MOVIE
Что у меня на вечер пятницы,CALENDAR
Хочу приготовить ужин,COOKING
Есть свободные столы в самом ближайшем ресторане?,BOOK_RESTAURANT
Хочу взять ипотеку в Сбере,SBER_PRODUCTS
Есть ли буря на улице? . А будет вечером?,WEATHER
С меня хватит,LEGEND
Заказать сити мобил до метро Фили ,ORDER_TAXI
Хочу поужинать сегодня в известном ресторане,BOOK_RESTAURANT
Создай встречу и пригласи на нее Петрова Николая,CALENDAR
Уехать в Одинцово на такси,ORDER_TAXI
Ты робот?,LEGEND
Заведи будильник на шесть утра в будни,SET_ALARM
Вызови такси до дома срочно,ORDER_TAXI
Включи самый продаваемый альбом Little Big,PLAY_MUSIC
Меня всё бесит,LEGEND
Закажи стол на двоих в пабе возле метро Академическая,BOOK_RESTAURANT
Поменяй  утренний будильник,SET_ALARM
Как холодно будет ночью,WEATHER
Найти свободный столик в ближайших барах,BOOK_RESTAURANT
Как на счет музыки,PLAY_MUSIC
как там с погодой сегодня в Питере . а в понедельник,WEATHER
Такси до улицы Маковского дом два,ORDER_TAXI
Включи какой-нибудь фильм снятый в Италии,PLAY_MOVIE
"Я бы хотел заказать карту с евро валютой, как мне это осуществить на сайте?",SBER_PRODUCTS
Можно забронировать место в ресторане?,BOOK_RESTAURANT
Не хочешь приготовить ужин?,COOKING
Какая скорость ветра,WEATHER
Квартплату оплати,COMMUNAL_PAYMENTS
Можешь забронировать столик в ресторане?,BOOK_RESTAURANT
Какая минута сейчас идет?,TIME
как там с погодой сегодня в Питере,WEATHER
Покажи автобусную остановку,NAVIGATE
Вызвать убер до работы,ORDER_TAXI
Это не правильно,FAIL_FEEDBACK
Когда буду около дома напомни покормить котов,REMINDER
Кто из вас лучше?,LEGEND
Где ближайший итальянский ресторан,NAVIGATE
Закажи ресторан на десять часов,BOOK_RESTAURANT
Какой мне посмотреть сериал сегодня?,PLAY_MOVIE
Ты не врубаешься?,FAIL_FEEDBACK
Сколько градусов в Екатеринбурге?,WEATHER
Давай побеседуем,CHITCHAT
Кто ты?,LEGEND
Что приготовить из того на что сегодня скидки в дикси?,COOKING
Хочу с тобой поболтать,CHITCHAT
Разбуди меня завтра в семь,SET_ALARM
Фильмы с Барбарой Стрейзанд ,PLAY_MOVIE
Какая влажность сейчас ,WEATHER
Я имел ввиду другое,FAIL_FEEDBACK
В какой стране зародился футбол? . А баскетбол?,ODQA
Когда тебя нужно зарядить? ,LEGEND
Вруби лучший альбом Queen,PLAY_MUSIC
Закажите ресторан возле Нагатинской на семь человек . Лучше возле Тульской,BOOK_RESTAURANT
Что пишут на РБК?,READ_NEWS
Кто такой Пушкин?,ODQA
А какая погода сегодня?,WEATHER
Сколько часов сейчас?,TIME
У меня болит голова,LEGEND
Надоела слежка,LEGEND
Заведи три будильника через три часа с интервалом в десять минут,SET_ALARM
Давай шутку,READ_JOKE
Такси до дома,ORDER_TAXI
Что можно приготовить на ужин?,COOKING
Дружишь с Алисой?,LEGEND
Поставь новинки моих любимых исполнителей. ,PLAY_MUSIC
В Сиднее ветрено?,WEATHER
Поставь песни Гарри топора,PLAY_MUSIC
Что ты думаешь о Сбербанке? . А о Яндексе?,LEGEND
Сегодня холодно? ,WEATHER
Запусти пластинку,PLAY_MUSIC
Чем сегодня занималась? ,LEGEND
Покажи напомнания,REMINDER
Ты красивая?,LEGEND
Какой самый длинный фильм?,ODQA
Хочу смотреть фильмы с субтитрами,PLAY_MOVIE
Напомни подойти к Гоше через две  минуты,REMINDER
Какой у тебя рост?,LEGEND
Что там за окном?,WEATHER
Включи мою рождественскую подборку,PLAY_MUSIC
Как заказать кредитную карту в онлайн банк?,SBER_PRODUCTS
Давай послушаем оксимирона,PLAY_MUSIC
Какое отстойное имя,LEGEND
Дождь будет?,WEATHER
Какого цвета глаза?,LEGEND
Какие есть новые сериалы,PLAY_MOVIE
Хочу с тобой поговорить,CHITCHAT
Здарова,LEGEND
Сколько стоит турецкая лира,CURRENCY
Поставь напоминание на десятое мая,REMINDER
Что сегодня делала,LEGEND
Создай напоминание для Саши ,REMINDER
Помоги с математикой,LEGEND
Скажи триста,LEGEND
Давай послушаем самый популярный кавер Last Christmas,PLAY_MUSIC
Вруби зарубежный чарт месяца,PLAY_MUSIC
Какой прогноз погоды в Туле?,WEATHER
Расскажи что нибудь веселое,READ_JOKE
Напомни вернуть долг Роме,REMINDER
На улице есть туман?,WEATHER
Отправь жене напоминание купить корм,REMINDER
Когда были последние поступления на счет ,CHECK_ACCOUNT 
Хочу посмеяться,READ_JOKE
Что там нового в мире?,READ_NEWS
Кто нравится из мужиков певцов,LEGEND
Как жарко будет завтра в Севастополе?,WEATHER
Что из музыки было популярно в семьдесят-ых годах? . А в восемьдесят-х? . А в нулевых?,PLAY_MUSIC
Оповести меня о тренировке,REMINDER
Как сбросить вес?,LEGEND
Напомни купить сливки для кофе,REMINDER
Музыка включить он город под подошвой,PLAY_MUSIC
Может послушаем джаз,PLAY_MUSIC
Ты можешь включить Гугл музыку?  . А Яндекс музыку?,PLAY_MUSIC
Включи подборку популярных треков восемьдесят-х,PLAY_MUSIC
Прогноз на выходные,WEATHER
Напомни мне купить макароны и поставить таймер на духовке,REMINDER
Что такое джаз?,ODQA
Когда пойдет снег,WEATHER
Какие встречи у меня запланированы на среду,CALENDAR
Забронируй столик в ближайшем ресторане,BOOK_RESTAURANT
Включи радиостанцию Москва фм,PLAY_RADIO
Погода в Твери,WEATHER
сири говно,LEGEND
Осадки на завтра,WEATHER
Есть ли буря на улице?,WEATHER
Включи авторадио,PLAY_RADIO
До свиданья,LEGEND
Найди свободный стол в ближайшем ресторане,BOOK_RESTAURANT
Найди подборку музыки нулевых,PLAY_MUSIC
Подай такси к дому через двадцать минут,ORDER_TAXI
Заказать стол в пабе,BOOK_RESTAURANT
Хочу включить музыку,PLAY_MUSIC
Напомни Саше зайти к репетитору забрать книгу,REMINDER
Сколько ехать сейчас до Сухаревской?,NAVIGATE